rollNumber,month,year,fees,name
12101001,January,2023,1000,deepak
12101002,January,2023,1200,Alice
12101003,January,2023,1100,Bob
12101004,January,2023,1050,Carol
12101005,January,2023,1300,David
12101006,January,2023,1180,Eva
12101007,January,2023,1000,Frank
12101008,January,2023,950,Gabriel
12101009,January,2023,1200,Hannah
12101010,January,2023,1120,Ian
12101011,January,2023,1020,Julia
12101012,January,2023,1300,Kevin
12101013,January,2023,1180,Laura
12101014,January,2023,1000,Michael
12101015,January,2023,1230,Nina
12101016,January,2023,1400,Oliver
12101017,January,2023,1180,Paul
12101018,January,2023,1080,Quincy
12101019,January,2023,980,Rachel
12101020,January,2023,1150,Steven
12101021,January,2023,1200,Thomas
12101022,January,2023,1050,Una
12101023,January,2023,1000,Victor
12101024,January,2023,1350,Wendy
12101025,January,2023,1200,jaskaran
12101026,January,2023,1100,Yara
12101027,January,2023,1250,Zack
12101028,January,2023,1050,Anika
12101029,January,2023,1150,Benjamin
12101030,January,2023,1200,Caroline
12101031,January,2023,1280,David
12101032,January,2023,1180,Eleanor
12101033,January,2023,1070,Francis
12101034,January,2023,1120,Gabriella
12101035,January,2023,1000,Harvey
12101036,January,2023,1290,Isabella
12101037,January,2023,1230,Jack
12101038,January,2023,1140,Katherine
12101039,January,2023,1070,Liam
12101040,January,2023,1250,Mia
12101041,January,2023,1320,Noah
12101042,January,2023,1280,Olivia
12101043,January,2023,1200,Paul
12101044,January,2023,1140,Quinn
12101045,January,2023,1120,Ruby
12101046,January,2023,1050,Samuel
12101047,January,2023,1150,Thomas
12101048,January,2023,1200,Una
12101049,January,2023,1050,Victoria
12101050,January,2023,1000,William
12101051,January,2023,1290,Xavier
12101052,January,2023,1140,Yasmine
12101053,January,2023,1320,Zara
12101054,January,2023,1200,Amelia
12101055,January,2023,1180,Benjamin
12101056,January,2023,1300,Charlotte
12101057,January,2023,1080,Daniel
12101058,January,2023,1200,Ella
12101059,January,2023,1300,Finn
12101060,January,2023,1260,Grace
